{"cameraMode":{"drawMode":0,"name":"Shaded","section":"Shading Mode"},"sceneLighting":true,"audioPlay":false,"sceneViewState":{"showFog":true,"showMaterialUpdate":false,"showSkybox":true,"showFlares":true,"showImageEffects":true,"showParticleSystems":true},"in2DMode":false,"pivot":{"x":-7.7628021240234379,"y":4.787986755371094,"z":-24.854026794433595},"rotation":{"x":0.25984296202659609,"y":-0.5392694473266602,"z":0.17949430644512177,"w":0.7806803584098816},"size":21.58641242980957,"orthographic":false}